{"cameraMode":{"drawMode":0,"name":"Shaded","section":"Shading Mode"},"sceneLighting":true,"audioPlay":false,"sceneViewState":{"showFog":true,"showMaterialUpdate":false,"showSkybox":true,"showFlares":true,"showImageEffects":true,"showParticleSystems":true},"in2DMode":false,"pivot":{"x":0.15503695607185365,"y":2.7588653564453127,"z":2.769930839538574},"rotation":{"x":0.00010347893839934841,"y":0.9994003772735596,"z":0.03449300304055214,"w":-0.002998211421072483},"size":10.0,"orthographic":false}